@annakiss I'm based in the Netherlands. But still on my bucket-list is a trip to the UK/London. I think otherwise of the photogenic part 	4
cold and flu tablets = EPIC FAIL. they dont even work 	0
@cassandra2603 God what a cheery chat has he somehow can back into the news ? I know about Vera Drake hmm not pleasant  x	0
man... I'll miss the JRuby on Google App Engine talk at #railsconf 	0
@LilPecan Oh, that's really great  Here we have a small blizzard and also cold wind blows...	4
@kd0bik not great this morning... got a stomach bug and was sick.... but doing better now, just laying in bed reading tweets! 	4
happy birthday to andy hurley 	4
@Dribbby me too, its bad isn't it? doing well on your biology?  http://myloc.me/2hBr	4
mmm taco doritos=heaven in my mouth 	4
online marketing Mission Statement or something like that  | psykoid.com http://bit.ly/TV22r	4
@tooclevername to those with hammers, everything looks like a nail!  	4
@smilingme76 haha thanks 	4
@sociaIIyawkward  Hey lady!  How is your day!  I say little makeup!  I dont like to wear a lot unless I have too!  	4
It's raining fucking harrrrrd. 	0
@MandyyJirouxx that page doesn't exist 	0
going to 3 Horseshoes in Radnage for lunch with friends. Should be good! 	4
Finally done work YAY 	4
I miss Jordy Wordy  ew, its father's day.	0
Is not going to San Antonio this time  However, will get to Houston sooner than planned	0
my car is dead........ what am i to do  Poor bug	0
@Destini41 Have a safe trip, Desti, and have lots of fun!!! Hope you can tweet us a lot  And give @crystalchappell 4700 kisses from us	4
@JackysPoodle Bless your heart - you're such a good liar and my fragile ego is so thankful   haha! x	4
@zwalkk could you make yourself look like any more of a stoner punk?! sheesh.. let me remind u: 4/20- not a real holiday 	4
just bit my tongue 	0
Is Poorly and in bed! 	0
@Boyislost Ok im gona go  but I dont want to be close with anyone atm, sry if it takes a min to reply im at work so i have to hide twitter	4
I have got to bid ou all goodnight tweeps. Need to spend more QTwith @Mike103g the miniscule before he leaves for the week 	4
@ZippyC NO. IT'S FULL OF WIN AND I LUV IT. &lt;3 I've been meaning to catch up to where it's at now for ages. NOW I HAVE. 	4
@MissChriis i don't know how to celebrate yet. lol but i'm very excited about it. 	4
@souljaboytellem I would have to agree with you on that 	4
@Lujee seriosuly, the second one &quot;since I'm already a mid. class dude and would work for food&quot; 	4
@sakurajewellery yeah, it's awful  he woke up doing this little cry'y mewing sound this morning, half asleep  How are you today Hun? X	0
this is embarrassing who wants to set up texting via phone for me cuz i can't 	0
Wants a free doughnut, Krispy Kremes are so expensive, but 10 million times better than other doughnuts. 	0
O how i love you sammoons  o how i do. 	4
@lenier you still giving it to the blues tonight tho? i reckon first try decides the game  #origin	4
my car is poorly 	0
@persiankiwi are you able to upload?  Otherwise, DM me 	4
@jamieerinw I'm a horrible person and still haven't posted your letter 	0
grandparents arrive tomorrow... good nite 	4
cant wait till westlife cum back am missing them soo soo much  x	0
I miss Zack so much these days 	0
@TJThyne Congrats on the renewal! I'm so excited that I get to keep my &quot;Hodgie&quot; for at least two more years! 	4
wake up in Paris, but it's grey ..  need more sun !!	0
Blood Brothers was Amazing.  Got my program signed by the cast  Got a Picture with Sean Jones. 	4
@SuzySpaatz ~ hi! sounds like you're feeling a bit better...that's great! you have a great day! 	4
just found out that the Boston Celtics lost to the Orlando Magic!! FUCK FUCK!! What a way to start the working week 	0
baking &amp; packinggg, then cristinas staying with me tonight as usualllll, PITTSBURGH in the AM to see my giiiiirlllfriends 	4
Just edited about a million photos of cats, none of them for lolz. 	0
@Hail_Mary_Jane: never date anyone who's on twitter, then you can't tweet about how whack they are.&lt;----sooooooooo true 	4
Just heard gun shots in my neighborhood!!! 	0
@ninasplayground LOL, I didn't know it was on  OF COURSE if watch that dumb bitches show ;-) like a train wreck... Can't stop watching ;)	0
sooo im up and out! out with my peeps. i can tell its gonna be a early night. wishing i was caked up instead 	0
@RoseZag She's writing a book! It's good so far 	4
what is with msn making me click the wrong people. garrrrr 	0
@AIMEELILY Hey i just want to say that i think you are an amazing performer and thankyou for inspiring me 	4
I shame the name of female  lol Alright. Shower then sleep then get up in like 5 hours.	0
@sarah_cawood I've fed the rays off Grand Cayman. It was awesome 	4
 An effin lightening scared the sh*t out of me!	0
@girrlonthewing Ha, well you'd be surprised at the things that will keep people busy for hours  and I want a kitty too 	0
@LaMisty_Elite the mikey worm! It's a virus. Some kid hacks into ur acct. I don't know how 2 get rid of it! HELP!!! 	0
gonna watch the MTV awards, too bad I'm not there! 	0
laying down with a horrible headache 	0
@stepheneyre Also ill, wishing to be at home having tea and soup. 	0
is dreading work tomoz, wonders if everything was done correctly at close :S gonna double check everything b4 hand 	0
http://twitpic.com/6v42q - Busy day at Genesis Bicycles in Easton, PA. Got in a great ride, now hubby has some shop work to do 	4
my last nite in work for weeks.....ah im in such good humour 	4
 i gotta work today	0
@mileycyrus you can miss out SCOTLAND on your UK tour 	0
@disco_di aww tell me about it!!! its just not the same  hope you have a better day	0
sitting -- feet are in pain  from concert..but it was worth it	0
@fashionismo ahhhh &quot;Sold Out&quot; 	0
@JenBunnyy i read jon and kate filed divorce papers this afternoon  plus a possible custody battle...i feel so bad for those adorable kids	0
i miss him, i cant wait to see him, im happy 	4
went to the Blue Room, saw a bunch of awesome sea turtles and ate a huge fish eye with Justin and Sayer  I love family camp!	4
@JoshBkelley just wanted to say the youngstown girls miss you  .. &amp; what happened to tell it like it is on itunes? cant find it!	0
Home from Wal-Mart. Groceries were somehow cheaper this week...and I'm so not complaining 	4
@VintageQueen1 ooooh, poor megan.  braces aren't that bad...	0
upper airways problem 	0
@thehappyhours I'm so sorry 	0
in Rome and it's raining 	0
MTV Movie Awards yesterday: congrats Robert, Kristen, Miley and the Twilight's makers.  &lt;3	4
Random drunk girl sitting by my car: &quot;Is that your man bag?&quot;  Me: &quot;Yes, that's my man bag.&quot;  BTW, its name is Butch  	4
pimples attack! Arghhhhhhhhh 	0
i'm going global .. 	4
@tferraro @soverpeck @rhetter ACTUALLY...a potato is a tuber, but it's also known as a root vegetable...hey I'm Irish and know my spuds 	4
Any plans for this weekend? I'm going to Tokyo. YAY! I can't wait for shopping at Forever21!!  Gonna have a girls night. maybe;)	4
Wooo I picked my sister and I miss the empty house. 	0
@adaftscotslass Get 100 followers a day using www.tweeterfollow.com Once you add everyone you are on the train or pay vip 	4
@minamic: Very true. 	4
i have no idea how i'm going to fix things with me and landon! i want things back to normal but i don't know how and if that is possible 	0
I work 9-6 today with bitch boss 	0
Im a very open girl and if you remain respectful, we will have a lot of fun  See my pics here http://sa9.us/HornySophie	4
I'm saying good bye to a good friend tonight... kinda sad 	0
@garethb2  That's awesome, much love for the Gareth clan.	4
@_Enigma__ I say stick to your guns...it will drive the women crazy. 	4
is really BORED!!!   http://plurk.com/p/13cyrd	0
is sad she couldn't go out with her girls tonight  It's been too long....	0
well just had a minni thunder storm   so scary ok not that scary but hey	0
Congrats @ashleytisdale!  @mileycyrus youll win for Last Song eventually, girl, dont worry!	4
@NickHexum Please play Daisy Cutter+Jackpot+the rest of Uplifter in Atlanta. That'd be a pretty good 4th of July. 	4
already miss baby donkey 	0
Off to the Miss Bikini Philippines pageant. Thanks to @veggiecircle for the ticket! 	4
Sad I still cant seem to preorder a sim free/payg 3GS. Get the impression because I'm happy with Â£15 p/m instead of Â£30 I'll have to wait 	0
woot! i have 77 points on my subway card! 75 points is a free foot long!  going to get it now!	4
@Maximilus LOL seems someone put the bulls eye on your back... ushikwapo shikamana 	4
David started basic Wednesday and they took his phone for who knows how long... missing his voice and his kisses 	0
I've prepared My School Thingy. 	4
off for a BBQ this aft! 	4
@modus_operandi what is zaceed!? Also, nice tat @markdamgaard. 	4
@ElleChanel want to shoot...but i'm not in charlotte .. 	0
Plans for today: Lunch with my darling Leila, getting my hair cut... Ok, that's the good part 	4
oh yay torchwood has gone up to 20% its so slow 	0
@PollyPocket3 do you hate us ? 	0
@nantastiic she was in a coma after a car accident 	0
@erincampos the rain is in the jar. my stupidity included 	0
@aalikesness No doubt, let's make it happen - hit me at fuseboxradio@gmail.com! 	4
@TheUncoolest 	4
Download Opera Browser Free! Supporting Web Standards   http://bit.ly/w1WIR	4
I'm obsessed with twitting  haha	4
@jonasbrothers dear nick jonas, please teach me how to play the glockenspiel. that is just about the coolest instrument name ever. 	4
@nadalnews Yeah  Mathieu totally choked in the 3rd set to let Rog win as well. Djokovic played TERRIBLY.  	0
@benlizzotte so i think you should work for the discovery channel b/c then it would be media AND sharks! 	4
going to take some photo and ride my whole new bike~~ 	4
At Meg's, Neck Ache From Plugged  xxx	0
@FireMom Taco Pie sounds kind of heavenly 	4
@BayAreaCheap there r a few of us local yocals around  happy to find u on twitter 2day	4
@pogue  I was making a play on the term &quot;virtual seminar&quot;	4
@BondiVet Sean has something for you, make sure he passes it on this week... 	4
@FredroC1469 most of the time 	4
BlackBerry troubles all over.. fortunately enough I don't have one! My HTC Touch works fine, for almost 2 years! 	4
@lakersnation went 2 the 3rd one in grade7. dat was unforgettable. Maddog was dancing n everything.  i seriously want a parade dis year 2.	4
@marqueshouston We are the &quot;Fugazi Patrol&quot; &amp; our motto is &quot;If u see a clown point em out&quot; please let everyone know about us 	4
i've watched titanic hundreds of times but leo dying still gets me every time. 	0
Roast in the cooker and cakes in the oven soon.  Good morning!  Hope everyone is well today 	4
Bank card fraud victim  $1,600 spent in 24hs. $400 at Celebrities, $400 at Richards on Richards and $800 at Safeway.	0
UP in 3d movie date 	4
@misstoriblack cool , i have no tweet apps  for my razr 2	0
iPhone 3GS and N97 launching in Australia on the same day. Feel the marketing hype kicking into overdrive for the next 2 weeks 	4
baby's chicken pox are soo bad on the face, I am afraid she might have scars 	0
My server has been going down lots lately, it makes me a sad WoW player  lol	0
@lexia well done on all your reporting.  Haven't been vocal but have enjoyed and appreciated your work. Cheers lady. 	4
@DVDeMm Want my Amazon box to arrive.  Probably Royal Mail playing football with it!	0
I am so stressed 	0
@judez_xo ugly kids there?  woahh where am i then. 	0
tried to check out your site @poeticmindset ... not working 	0
I'm hungry.  I'll eat noodles and nothing but noodles, is that bad?	0
going to be live blogging the #freshnet session over here -  http://twurl.nl/ynxqkj - hit refresh every now &amp; again 	4
@FzMcFadden No worries, was looking for some retail activity  Thanks though	4
@aleahhh season is almost done with babe 	0
I can finally go to bed now that I know who gets the gold logie,  im disappointed it wasn't rove though  	0
@JosephFrost Yeahh, that would be pretty awesome. 	4
CEO is on the floor today. Need to be careful while surfing today. It's all work and no play day. 	0
@greekpeace I LUV buying children's bks (well all bks really... Its an obsession!). Good think its part of my daily job to buy/read them 	4
VISA process for SAUDI is messing up my week. Not sure if I am going to Effat/Jeddah yet!  Over 40 so fingers crossed. ;-)	4
Friends with scott again 	4
FCK-Brï¿½ndby 4-0! 	4
Busy Busy weekend! Wow! Just finished a cake smash shoot for my son's 2nd birthday this week. Messy fun was had by all 	4
just stepped on un chicharrone....crumbs 	0
@Remy_Foster LOL I'm in your favourites 3 times!!! 	4
Too full of fizz but not enough cider 	0
@siamusic the land of replies is indeed a labourius place  at least you know you're loved!  xo	4
U still waiting for still update! I've been sitting like a mad man all day! 	0
@RobinBrown78 You mean you're not a celeb? only followed you thinking you were related to Gordon silly me 	4
@DavidArchie I'm running a fever  If you gave me a shoutout I swear I'd get better! (HINTHINT!) HAHAHA.	0
@MolotovCupcake What type of dog is it? I tried to name my dog (half chow, half lab) Moogle years ago but that got vetoed 	0
at school...listining to die Ãrzte - Westerland...great song really..btw i'm so tired...i sleeped between 02:30 and 05:30..thats bad 	0
Just downloaded a new Twitter app for my phone. So much better already. 	4
On my way home, giving twin atlantic a miss. couldnt even get into the courtyard they were in. Thats twice ive missed them now! 	0
@cassiyang crash but quite obviously i'm still awake. gonna study history later. 12 days more to terms!! are you feeling better now tho? 	4
to sum up my day in one word ......... kackered! 	4
teary-eyed, hoping my cousin will find the strength to stay alive from cancer.. 	0
@MothersAnthem I have a request! Play Structure of a Heart tonite please 	4
@besz I will tell you on Thursday all about Tuesday, I promise. How bout I skip all this, and just eat the monkey for breakfast? 	4
beach trip and a show 	4
waiting for my hoe to come back 	0
@ the booptys crib watching chucky 3 with the little one my boopty aint feeling well 	0
@TomFelton so will i  TEAM DRACO !!!! whoooh.	0
holy careful cropping, batman!    http://bit.ly/iNjhI	4
I seem to be making a habbit out of not falling asleep until very late 	0
@stephenfry Oooo, Sound's good 	4
On a JEW mood. Downloading Futures. Chase the Light naman mamaya. Haha. 	4
i can't believe this is all part of my detox (it is) because i was so fine and now i'm talking all core wounds! oh my god! jesus help me! 	4
someone needs to bring be drugs. i wish to not have a sore throat any longer advil/tylenol seem not not work anymore 	0
@MissGC : You should!! It's highly recommended!! XD Oh, some people said that @BrianEHanerJr was an impostor 	0
@ddlovato I wish I was a celeb like you, Miley Cyrus, Selena Gomez, Taylor Swift, and all those pretty girls out there! 	4
@paddyrules home is mums house lol hm maddens could be a plan, am actually stone cold broke atm tho not even sure i could afford door fee 	0
@babygirlparis hope you have a great weekend,Paris 	4
@jakeashley http://twitpic.com/6gcq4 - it's freaking awesome,haha love the monacle 	4
@DaisyReyes ohh ok! thanks! i'll add you tomorrow! because i'm too lazy to open my ym! hehe! 	4
@catts me too 	0
@Nassira yep.yep. day job is kicking my butt at the moment. 	0
We should have brought a flask with v0dka. Hahaha. 	4
@AngelIVXXX very good price 	4
Walk is canceled today       It is pouring in Olive Branch.	0
@ryanstar http://twitpic.com/6ub7v - Great view 	4
@TheWayIRoll I don't know where is she... but I miss her  ahah goodnight honey! n.n	0
Flatmates are still in the bathroom! ARGGH!! 	0
@TwilightilDawn Oh man I want palm trees and the beautiful ocean! Not cow town CO  Follow @peterfacinelli @billy_burke	0
@3aneeda ma 36ach ma 3a6anee... the QUEEN of online shopping 	4
seems like a nice day-guess it's off to the park with my lil man 	4
has to go. bye  http://plurk.com/p/z2e6x	4
23 or 24ï¿½C possible today. Nice 	4
@shullygully yeah i watched the game! haha. felt really sleepy throughout the game though. kane must be depressed 	4
Stupid phone got retarded today and now so sad over lost pictures. Bye bye past few weeks... 	0
@TheEllenShow I wish I was in Chicago 	0
School email won't open  and I have geography stuff on there to revise! *Stupid School* :'(	0
Dam texts woke me up 	0
Sittin on a train platform waitin for a train. Quite possibly hav just failed another test 	0
Ugh,my laptop randomly stopped working...*Panick*-Oh no,what have i done?! 	0
hillsong tom. night, and dad's birthday! i wish i could see him on his bday though. 	0
Feels like shit and can't get any sleep  meh	0
@BrianLimond ta. we're not all racists 	0
@gfalcone601 well at least you had a great time and thats what's important! 	4
uni. home work 	0
@aleshacal my phone is dying  no charger here!	0
@chrishasboobs AHHH I HOPE YOUR OK!!! 	0
@ScarlettHarlott Sadly , I've never seen a single episode. I know , I'm fired , right? 	0
hungry,tired,yet in a great mood! 	4
A little sad  pretty bad news and feel too much insecure about my playing.	0
Ahh, I'm stuck... For my birthday I can either get a new phone (SMSNG Omnia) or I can get a Sky box in my room... HELP! Idk what to doooo 	0
@Jotebro yw, keep the good stuff flowing 	4
Watched Crank 2.... awesome 	4
would love some sleep, but no, can't afford it 	0
#EU09 In 5 years we need a best coverage. World, take a look here, yes, here, Europe is moving 	4
Finally done all my coursewrok thank god! Time to chillax 	4
at home, restingg 	4
Feels partly responsible about the trouble in Iran cos his avatar STILL isn't green. 	0
I would love the 85mm 1.2 .. but would settle for the 85mm 1.8. I'd also love a 1Dsmark3 for it to sit on 	4
@annaoboe I feel guilty for stealing your Hart tweet now  I don't think he will actually reply an answer though	0
@EdMunster I know don't remind me  ha	0
Where in Singapore do they sell Dujour? 	0
oopss did that twice  D: im such a silly moo.	0
@cinemabizarre http://twitpic.com/3tl66 - aww kiro got cut off 	0
@Burlesquetron oh sorry I didn't see this tweet further down sorry. unhappy DD = 4 champers 4 me + looking 4 hair dye in back of cupboard 	4
I will never like getting up at 5 am  dumb work schedule.	0
off to work    byeee xox	0
G'night,  I'll try to get on tomorrow! 	4
@mark_hadfield That's the other solution.  But it then stops genuine people from following you spontaneously based on your tweets.	4
@Jagusti shit! I thought it was months away  I'm not in Sheffield this weekend 	0
@Dee_Dee_3 high low 	4
@augustjoki @ryannielsen Office printer does not work for us- Canon MF4370dn - improperly installed driver error 	0
still recovering from this weekend.  at least I'm off today...	0
getting to roll out on his 255/70/16's yeaah im a white rapper 	4
@everydaystrange very exciting stuff! I'm taking my mum to get one for her birthday this year. She's gonna be 60 	4
Shout out to the Koblers... As Sure as the Dawn, here we go! Thanks again 	4
at work  then back to my baby's house 	0
Summer of checking out colleges back east for &quot;T&quot;. Graduating class of 2010... Holy shit!  	0
@kimgoss i been saying that the past 2 weeks that i miss playing spades and drinkin chillin.. the good old days.. let me know baby 	4
Just cleaned my room 	4
If you can take criticism and blame without resentment, YOU'RE PROBABLY THE FAMILY DOG  see... http://jijr.com/hitZ cheers, Lou-ann	4
Stinkin' Rushkies score  1-1	0
@xxkamm oh man you hardass  x3	4
not good, not good. 	0
@KSBong  Scrabbles fun.. pac man makes me nervous to play.. those stupid little ghosts chasing you  are you playing scrabble by yourself?	4
@ibbypop haha yeeahh yeahh you know its only till 2:30 so its not too bad! 	4
I though the clothes of AW0910 Collection from +9 designers will be there, together with the visual arts, but it is not 	0
Overly emotional, tired, and I have a headache. 	0
@lolhayley ah i see well i rekon we must be annoying aidan with our twitter whore antics :L cant find anything to watch on tv 	0
@DENISE_RICHARDS love your hair  dont ever cut ur locks 	4
Hate it when I find the perfect pair of jeans online only to find that they are $178!!!  makes me sad. Hello! Skinny Jeans are so perfect.	0
is going to watch the brewer game, eat soup, play sims and sit in a vaporizer filled room. stupid cold. this sucks. 	0
@Lipvixen Did your Curves Lady look like Summer Glau?  Knowing the answer is probably 'no' 	0
@wendywings hehe, better than nothing! What did you end up baking? 	4
The real estate market in Tulare county is so awesome right now!  Lots of buyer's &amp; not enough seller's...that is my problem right now!  	4
friday gimmick in the office  but always looking forward for the weekend!	0
will get blackberry this sunday !!! 	4
@divestoclimb It lets me through, but then gives a &quot;Sorry, no exact matches were found, but other tickets may still be available.&quot; error 	0
Wife just left on a motorcycle ride. I still need to get my Washington plates , so I am at home, Drat! 	0
@KandyChazer it is...but i was told i was gonna be entertained and i wasnt 	0
@seblefebvre Hi Seb! I'm a spanish fan of you.I'm addicted to SP and I think it's the best band in the world!please, come to spain early 	4
@spencerpratt Congrats on the wedding  I'm glad you waited to have a nice traditional wedding!!	4
@andyclemmensen tv on mute cause its boring but then ipod with speakers on timer  now thats how its done.	4
don't want to do my maths exam tomozz  iv left school for good  why make us come back and do them 	0
@bryanchin87 @prakashdaniel I choke on Shisha  Safa still?	0
@qillerm flip your flip flops then 	4
I think that my lovely brother @ScottyHolloway should take me and his lovely sister @Ho11y to Old Town for some dinn dinn &amp; margaritas 	4
My favorite part of the Tonight Show w/ Jay Leno is Jaywalking! Loved it! Will miss it! 	0
Nooo we leave in 2 hours 	0
Watching Wayne Dyer's new program on PBS &quot;Excuses Begone!&quot;. Lower mainlanders can check it out on ch. 27 or 204 on Shaw! Peace 	4
@mumalot I corrected myself 	0
Checking in  Good morning twitter fam! I'm in Miami, up bright and early, ready to hit the gym! xo	4
My hurt just started again inside  thinking about everything makes me wanna go rawr!	0
Just watched hella home movies with my aunt and uncle. I miss the days where our whole family got along 	0
need to charge my mac... 	0
3 hours till SD. longest trip ever. Never again. Ate a salad n pasta at dinner n couldn't even finish my pasta. 	0
The Tonight Show w/ Conan was AWESOME!!! I missed that tall, pale, red-headed man! 	4
My ppl already at Carribean Fusion... heard its poppin... 	4
@boomx17 hey nothign have you checked out my website yet? 	4
@Alyssa_Milano do celebs get more characters than the rest of us? 	4
@pinkymcsian YES bloody work 	0
@rhyanoutrageous thank you 	4
Church of the Highlands @ 11:30 in the Bryant Conference Center! BE THERE!   	4
@bobbi10100 of course i do  xxx	4
@cali_g510 ok   I got you!	4
back from school w/ @_gerardo. Making a grocery run w/ @kellan_craddock before celebrating @chadachi's 22nd birthday with a barbeque. 	4
@dstarr I want my bed  x	0
This tea taste like pure WATER!!!  Yuck!	0
@markmejia and @albertposis just made my day  luvv deemmm!!! haha	4
Wishes @kirstiealley a Happy Mother's Day! 	4
@PaulaAbdul awww, Good luck Paula!! Please don't work too hard  but I hope you have fun  Your new album is gonna be amazing!  xxx	0
@treesyjo yeah, just go to the county where you live. We got out license in multnomah and got married at the coast! 	4
@alexakim LOL... my bad, accidentally deleted it on my work PC, can't get it back til this evening  bad pic anyhow	0
is healthy breakfast then back to geography revision 	0
@mattsmind that's cause they are. I adopted them when my pup got into the nest &amp; ate the others. 	0
http://twitpic.com/7rish - i miss wearin' that jacket... i love the fur, i miss it 	0
@MissJoJoSmith Aw poor Subo 	0
awake messing around on the computer. gotta work in about an hour 	0
I will try to remember to Twitter from the George Strait concert 	4
No 12-hour coma today. I had a nightmare that shook me awake. 	0
Sorry you missed it. Good night! 	4
@k9wkj Great minds think alike 	4
@SaschaScarpulla i grew up with a siberian husky - spoiled me for life  love the name Valentino 	4
Atlantis &amp; Hubble current location now is above Indonesia. Wave your hand guys, wave!  #fb	4
 FML.. today sucks.. i just hope the dance will bring my soul up.. i pray, but im still sad..i hateee todayyyyyy!!! &gt;;(	0
St Andrews is scaring me. 	0
@LaYdeeDeliSh he's definately a strong lil guy! 	4
@dawnmcwilliams Saha 	0
Hai, anyone wanna hang? 	4
waiting for my dad to pick me up. we're gonna watch a movie  btw, new photos SOON! 	4
@powersurf OH I've Got a case. I designed it. Someone idiot stole it and I can prove it. If they want to play hardball,I'm game. 	4
just booked my driving test 	4
I can NOT believe my baby girl is 3!! I know I'm  lame b/c I'm actually sad about this!!I don't want her to grow up boo hoo 	0
@amf7 Thank you for reminding me! I actually have something in mind given the date. Hint, it's Star Trek related. 	4
Good morning everyone in this twitter world! Bangun jam segini mulu  http://myloc.me/23fl	0
Another loser: i lost the game  http://tinyurl.com/cfz2lj	0
@onesugarplease had an awesome weekend thanks, lots of miles on the bike!  hope your paella was good 	4
#weekofwin I WON 2 sim cards  the blood the pain... I'm upset, feel robbed, but will continue for my search... N97box reviews to come ...	0
@ABBSound Ð´Ð°. Ð¼Ð¾Ð¹ ÐºÐ°Ðº ÑÐ°Ð· Ð¿Ð¾Ð¶ÑÐ°Ð», Ð·Ð°Ð»ÐµÐ· Ð½Ð° ÑÐºÐ°Ñ Ð¸ Ñ?Ð¿Ð¸Ñ. Ð¾ÑÐ°ÑÑ Ð½Ð¾ÑÑÑ Ð±ÑÐ´ÐµÑ ÐºÐ¾Ð³Ð´Ð° Ð²ÑÑ?Ð¿Ð¸ÑÑ?Ñ? 	4
@BambuDePistola Don't worry. They are fresh outta bootcamp and I got me a war vet - there's no comparison 	4
@tr74fpp Get 100 followers a day using www.tweeteradder.com Once you add everyone you are on the train or pay vip 	4
had a very good night 	4
F to the Y to the I: I'm now home, but my stupid phone is still @ the office, so don't bother calling or texting me tonight. 	0
@bethbabezz did you have a good time at the party beth? 	4
@dbferguson I'm using an Asus. Forget which one at the moment since I don't have it near me.But my complaints are similar to yours. 	0
definitely just failed my exam 	0
how would you feel if @taylorswift13 was in a GoBernos video? eh eh 	4
@CamilleJ it was supposed to go live on tv but it didn't happened in the end  that would have been cool being on the bbc...	0
Ugh, so bored today! 	0
Issue of Echelon?..Are they behind some Botnets also? ..you can watch...http://tinyurl.com/c8dns8  ah..but dont think like that 	4
@dbdc We should be confident, especially with our home form. King Is a big miss though, but I've got lots of faith in Dawson. COYS! 	4
Downtown Disney 	4
going to bed.  i wish the hubby had more time off 	0
After 3 days of Safari 4 it seems as it finally grew up, and Firefox got fat and old 	0
Off to london biggin hill 	4
Hmmm.... My whole body feels sore! 	0
@Spitphyre girls i am outta it then  my exams	0
Some dark clouds in #indiavotes #indiavotes09 #India #election : vote bank politics and dynastic politics / sycophants still rules. 	0
@Mickie_1 thanks 	4
I'm saying goodbye to Sydney for a few days, and Hello to Rapeville.... I'll miss pretty 	0
@nadalnews that's awful 	0
@PiKaHsSo Sup fam? Hope you have a GREAT weekend! Keep doing what u do, we appreciate u 	4
Exams soon ! 	0
@jo_whit  Of course I do.	0
Listening to the Nutcracker.  Who says it's only a Christmas thing?! 	4
@officialnjonas you speak my name in chat? please?I am a big fan your...follow me? 	4
@SasaLoves I'm here princess!  Need to try to eat something before I drink. Still having waves of nausea - I should have napped 	0
@LexiePixie your tarot twreading is next. 	4
@TessaDare  LOL. Mine is 6 and I know yours are younger and you have 2. Hopefully I'll hit that time before you. 	4
hungova n feelin very sorry 4 maself!! had a wicked nyt wit the girlies tho! luv them soooooo much 	4
im trying to convince alexis to stay up with me and ryan... i dont think its working so well! 	0
@Footballwife your flower is cool.  I just didn't expect it... lol   THanks for the locator link!   i'm craving ice cream-cookies &amp; cream	4
Damn you bbs there is no parking 	0
@holyghost_girl: @2pach?! Well you let him be your bffl  	0
@monzongo2009 OH NO!!!  Get well soon   I'm trying to get well myself in the midst of Merola.  Sending you virtual antibiotics 	0
@TiannaChaos i know  just family drama. its lame.hey next time u hang out with kim n u guys like have a sleepover or whatever, ill call u	0
mandy doens't even like noodles! that's insane! 	0
@LadyOfDnB so i just got updated with the js blogspot thing... thats so retarded 	0
@Theprettyartist I undestand the 'vicar types' comment now 	4
@Armywife515 Ohhhhhh.....hmmmmm...I think Saturday should be about food!! hahaha...I am not sure..Guess i could start that 	4
about to pour in orlando 	0
@tweenkle77 @aileen2u2 @WTFJAY @meghanwood @MisterNoodle according to tweetdeck, I am my only friend 	0
@allieraebot r u feeling better? i really hope so..  im sad u were sick...	0
@KrisAllenmusic I'll be sure to vote for you in that competition.  A star with your name on it would go well with your Idol Trophy!	4
sore throat 	0
Not looking forward to work AT ALL today. 	0
@ObsessedDiamond http://www.alexandraburkeofficial.com/forums/ click 'register' and you're away!  Don't forget to introduce yourself!	4
I have got such a sore stomach!!! At home sulking 	0
Must now learn english for testpaper tomorrow. BÃ¤Ã¤Ã¤Ã¤hhh  I have wrote Autumn Reeser an email!!!!! Hope she answer me......	0
great night ... drinking beer and watching signs , and i'm HOME ALONE , it's 11:38pm and pitch black outside.... 	0
uploading photos from photoshoooot  guitarist is uber persistant..they're coming!	4
@softjunebreeze Ex-factor.... Me too 	0
morning tweeple. London is awash with precipitation. 	0
@racingleager thanks for the article on danica 	4
on lunch....dj should come eat with me 	4
@bowwow614 In your option i have to take tha nice guy 	4
I can't seem to fall asleep tonight 	0
Starting to wonder if my future landlord is crazy or prejudice against americans.. this may not end well 	0
great run tonight, now off to bed.. got to get up earlier to do my morning workout.. gonna be a long day tomorrow! got to go back to work 	0
Working today. Closing. 2 - 11. Missing out on Ming's birthday dinner/party. 	0
@laurensbite What the....? I am so jealous! Where do we go for coverage? The &quot;go here for details&quot; wasn't clickable   Happy 4 you!!!!	0
Sad that @mimigee will no longer be a fixture when i go visit NYC   Good luck at school!	0
Rumours OS 3 being released when Apple employees get into work (9am). Therefore 5pm uk time 	0
@BT_broadband Ah, well, we're both in the same boat then. I switched because they were throttling the speed every single night. 	0
@HuniB oOhwee naw i just been chillin tryna get use to this new work schedule of having to be at wrk @ 7... 	0
bob to the top high school musical porno. ftw 	4
@edicius during this Stanley Cup match up, yes, I am a Pens fan. 	4
@giloi2009 Yeah I got excited by seeing that changelog, then was bitterly disappointed there's no push notifications for Facebook 	0
That should give you happy thoughts 	4
I'm leaving work now. Trying to decide if I return on Sunday afternoon or Monday 4 am to meet a noon (UK time) deadline. 	0
I'm out... *kicks Twitter*  	0
i have find my someone 	4
lets blow stuff up 	4
Helping out @ Corner Stone tonight 	4
http://digg.com/d1twJ0 sad  i was rootin' for her!	0
@peanut2468 basically i was going 2 go 2 ur casa as soon as i got my license but u wernt home so... 	4
@amymacdonald1 Congrats on the 4x platinum  It's a fantastic album, one of my favs	4
I'm having an allergic reaction to silver earings 	0
typical - went home and got changed.  put my rugby jumper on cos i thought it was a bit chilly and now the suns out 	0
out of smokes and broke as a mothafuckerrr 	0
my sister's friend threw something at her head &amp; now it's bleeding. 	0
@PHAROUT85 just looked it up. the construction was funded by NY municipal bonds which will be repaid by the mets... 	0
@GoCheeksGo i tried to vote but my phone sucks and wouldn't let me 	0
Kinda cold to be laying out poolside 	0
im turning 18 one week from now  but i don't feel excited  i really don't know why i've seen my friends  they got excited  but on my part	4
@KatiaDominos lmao yeah it is xD &amp; omg i put joe dancing to single ladies on my ipod!!! 	4
woke up early today...dont wanna go to school tomorrow... 	0
sat listening to the rain tap the window ledge an about to have a shower seen as there is nothin else to do 	4
@dungodung I'm all ears 	4
Then - Brad Paisley 	4
Summat to make your laugh today http://budurl.com/beckhams 	4
redeorating my restaurant 	4
@wreckdagaffey very Cruella Deville of you 	4
@LeahJKelly  that sucks.	0
enjoying my week off...now comes the busy part... 	0
I am soooo happy!!! 	4
@KristenLihos want to come for dessert? 	4
i am so bored!!  well lets see i am writing my spanish paper and guess wht! schools over  FML!	0
is in love with Mr Darcy but he's already got a gf. huhu.  le sigh.	0
@okse *Phew* Hate to think you and Colin had fallen out! Glad he's smiling for you. Hip Hip Hip Hooray!! 	4
@AIIisonIraheta What's up!? You rock! 	4
Having a well-deserved Guinness 	4
Enjoying the morning just hanging out with Juliet in Victoria. She doesn't know it yet, but I'm taking her to see Il Divo tonight  #fb	4
@ work  wanting to be at the fight with the rest of the guys.	0
@MissCaseyB I know what you mean  rain sucks...	0
ugh, morning's off to a rough start 	0
ugh sdre isnt coming here  lame. today can suck my dick.	0
@tylerhilton Thinking about coming to Sweden? 	4
Eli in the ER  they pricked his finger for blood sugar and he was trying not to cry http://twitpic.com/67z2q	0
@TomboyTigress  you told me you LIKED my marshmallow fish. *runs off crying*	0
Shot after shot. Alc is lying to me 	0
@jasonhooha Going back to sleep is such a great idea, unfortunately I'm already at work notebook-less 	0
i don't feel good 	0
@mrstessyman thank you glad you like it! There is a product review bit on the site  Enjoy knitting it!	4
@cocababy202 hahaha it washed all the sick off of me. 	4
@dreamergirl17 no  wayyy to much hw I gotta finish first. And it's way cold out!	0
Missionaries had passport problems. Still havn't arrived  ya'll pray!	0
@ceo08 by switching off tweetdeck and using twhirl 	4
@Rob_Cohn @Eric_Chambers tea is just plain good for you  white, green oolong and black (all the same plant you know)	4
good afternnon world althought the weather is bad i hate the rainny season 	0
ps: i think twitter sucks if you dont have free unlimited texts. 	0
is off to work til 4! Happy Hump Day! 	4
yay new addition to my sims family!! i dont want the baby to grow up 	0
morning tweeple  hope you all have a great monday	4
Praying! I live like an hour away from where it happened. 	0
@claire_stokoe thank you, it only took me two minutes, thankfully the style of envirowise.gov.uk was already there for the taking 	4
GAMING UP A STORM TODAY! 	4
Whaddup Whaddup Whaddup Whaddup Whaddup  I Got white girl swag from MY HEAD TO MY shOES Whaddup @yungla 	4
@mitchelmusso, but the previews are still awesome! 	4
CDC Vaccine Advisor Pockets $29 Million Promoting Vaccines -  http://is.gd/M7Q8 - MORE ELITIST SCUM VACCINATION PROFITEERING - Sorry 	0
aww mann, my i-pod ear phones just bummed out. damm u apple!!! 	0
@JELuttrull Thanks   Yeah, I was watching it a bit earlier, but my heart wasn't really in it.  Shocking, I know!	4
@mr_billiam did you get your yabbies and your yobbos mixed up, or something?  	4
@kirstiealley Prizes are good! 	4
@do0dlebugdebz of course! Hehee live the manga. Tho I haven't read all of em'  one of the best shojo's EVER.	4
@KickingBuckets paul has a huge yin. Like a baby's arm 	0
i ask ah man why life so boring, if its because we poor ppl. he said YUP WE = NO JOB, NO MONEY = NO LIFE 	0
Changed the background on here. About to go watch 'Mary Shellys Frankenstein'.  Add: http://bit.ly/4Qhlv	4
Everybody's laughing at my neon day-glow argyle socks. 	0
@dance2jeffreee I have already watch that video lol 	4
Thanks to the following for their awesome input: @StealingTheSun @ElizabethJoan @Schonste @ms_treesap @Beaudine  Thank yous &lt;3	4
and @thedebbyryan http://www.debbyandchrisryanfansite.webs.com/ is WRONG tha page dont found  follow us -we r ur team TEAMofDEBBYRYAN	0
I'm driving my JellyBean and eating them at the same time LOL dassss igggnant but cuuuze 	4
happy, sad, excited, nervous, is there a specific name for it other than complicated? huh? oh yea, GRADUATION! 	4
has to pack, stillll. and doesn't want to.. 	0
I hate word challenge on facebook! 	0
I watched UP! This time I cried  It's really sad and hilarious ... That movie totally rocks!	0
@fionamccarthy Thanx hun 	4
lol @rosiehancock Misunderestimated - whats wrong with that word? Also, been thinking bout your harsh truth and I have to say u are right 	0
This day will pass slowly.  All of these days will.  RAWR!!!!  ... 	0
day trip to Neuchatel 	4
TALK meeting tonight at Tampa Chamber at 6pm with @WOMlinda as guest speaker on Word of Mouth Marketing! Happy Hour after @ Tinatapas 	4
Dear baby, I can't wait until your teething days are over. 	0
@DTatStar not nice  lol	0
Rainy day blues.... Wish I wasn't enrolled again at school...  &quot;walang pasok bukas!!!!&quot;	0
@dannygokey Awww, Danny. Sorry I'm late!  Who wouldn't accept the offer to teach you uploading?	4
@jack_herer  Hahahaha, what snow??? Still nothing  	0
I am so hungry  I hate not eating breakfast!	0
@tristanwilds are you missing me? i'm missing my tuesday nights of 90210 	0
Today's a big day 	4
@tonyrobbins &quot;paradise is where I am.&quot; he also said 	4
@xDorkyStacy Ha! THAT SOUNDS SO WRONG STACY! lmao  i love you. and when I take one, I'll think of you too. haha, and on youtube. 	4
Keyshia cole loves bebe too!!! 	4
is having a bad day - email not working properly and looks like the 10km run is off for me 	0
@nowamunkie My pleasure. 	4
CL Sweet 	4
printin stuff for my aunt. dont ask y its so late. i forgot 2 do it earlier. 	0
@Guitargirl5595 yeah so now i am all bummed cause now i dont have college anymore 	0
yay! just realized i'm not driving this trip and can do all the twittering!  	4
@itwittmyclit I'm jealous. I wanna nerd out 	0
need rest but need Michelle 	0
Photo: suneoke: saddens me that sheâs taken  *tear* lol http://tumblr.com/xgo1z1owl	0
Hangin with my bestie suzi 	4
@MarianSpier I want to come to the lecture so keep me posted 	4
eatin an icecream 	4
@theclimbx3 i knooow  its the pizza girl episode xD &lt;3	4
@temptationdice why did my family decide to have a family gathering?  i see why you hate them. -.-	0
ugh...summer colds are the worst, esp when you have a fever on top of this ridic humidity 	0
quote of the day:people maybe won't remember what you said or did, but they will remember how you made them feel... 	4
@simplyamee  that's pretty bummy....  your app was in first, so why don't they push another pup to them?	0
@AprAnaya  you will !   check the website so you can have an idea as to what product u want to try . I will sent u the email tomorrow 	4
@sweet_exile It really is quite a while!  Oh well, preview next week.	0
@tephanyanne That's good. How are you feeling? 	4
@TeeMonster Sorry, I know I'm late responding (15hrs  timezone troubles) but I think you would need to load Audacity to your compy	0
I thought it was meant to be a hot summer  to mean rain doesnt mean hot.	0
@JaneYee isnt traffic fantastic &lt;insert sarcasm&gt; 	4
FINALLY won a game of Settlers Of Catan. Also booked restaurant for birthday dinner. Life is good 	4
&quot;There's a stick thats gonna kill me!&quot; -Emily 	4
@GogDog I'd be willing to pay $40-50 (thus covering the cost of the set) for one of them, but if you've got a counter offer I'll listen. 	4
@SashaKane - That's a great mood to be in. Do you mind if I borrow it for this week?! 	4
aw so sweet froz yogey on a frozenass day. . .@Shaboobie &amp; @suupkamo, yall wanna get scooped up? bamfs minus you 2 righ now! 	0
Watching ''The Cleaner'' &amp; taking care of wifey. She's sick. 	0
@mactavish no worries   I'm told a Twitterific fix is just waiting for Apple to get around to approving it.	4
I swear there is something in this house that gives me THE worst headaches. 	0
@MissMillions lololol...Good afternoon Miss MiL-Li-YONZ  Long night, ay? lol..Hope you're feeling better..	4
i mean, i thought i was supposed to be like, excited and happy at this point, not stressed 	0
@HURM the way i have been feeling the last few days and nights... i think i have conficker... it tried playing opossum... it didnt work 	0
new phone  tattoo on monday! Woo.. just had tea. yummy.	4
On schedule now to soft launch tomorrow evening - already have first customer - lost cat 	4
@GeoffLloyd i've a big crush on her! Find out if her fan's broken for me 	4
Can't stop listening to the clips of @Jonasbrothers new album Lines, Vines and Trying Times its so amazing can't wait for the whole thing 	4
since I'm all over the map now - Bryan Ferry covering one of my fave Dylan songs  â« http://blip.fm/~7r7ih	4
Going To Bed ...My Ankle Hurts 	0
BPHS Orchestra spring concert tomorrow night!  7:00 pm @ the PAC! Freefreefree! B there or B square! As Reuben says, &quot;It's instupituous!&quot;	4
I need someone to talk to!  Who can that be? 	4
@giraffette special eddie pout is bloody fantastic. enjoyed it very much. thanks. 	4
  DD has pinkeye...not fun.	0
@Boy_Kill_Boy Anything for first class tix 	4
@getmerohit poor sutil.... tried to hard to maintain his position 	0
Who else misses Parade the day incredibly much.. 	0
@susiebubble Your emails are not working it seems  x	0
@persef I would gladly have him back in exchange for my sandwich though 	0
@MeganBull how do you know how much your twitter profile is worth?? haha...or was that a joke? 	4
Seattle PRIDE will be June 28th at 11am.  Come out and support your community! March with the marriage equality contingent! 	4
@emzsy I've come down with something. Had to come home from work.  feel shit. xox	0
Just got home ... (from school)... bunch of homeworks again... 	0
@RobbieTaylor I have no comment about who won the game until this replay is completed. 	4
Time to sleep... Long day again tomorrow 	0
@pamelaong Glad the blog helped 	4
Drinking coffee 	4
@catherinequinn9 wasn't doing anything particularly interesting just did the school run with the kiddies haha 	4
@Shadez mmm...i wouldn't mind li'l Katy's either.. 	4
Everytime she stops talkin or replying for hours or days it is like she's leavin me all over again 	0
@likestarlight I like this icon. Your eyes are awesome in it 	4
@shabzcohelp can I have it 	4
Figuring out how to live a life where I'm my own boss... fun 	4
I have a 1,500-word deadline in 2 days, stacks of research materials are surrounding me, and I don't have a clue how to start  Need coffee	0
@team_allen jealous!  I'm yet to find a local chinese i'm satisfied with 	0
I miss my Brandon 	0
iranian election much more interesting than transcendental idealism 	0
I hate old RM cases, one just bit me 	0
beach this morning,bbq this afternoon. Back to school/work 2morro 	0
#goodsex get the itus 	4
@10rdBen That, Sir Abraham, is a fantastic approach. Thank you. 	4
@SimonBob Nobody cares about grammar anymore. 	0
@greeleyalex  aw im jealous! I miss home. I wish I could be home in CG right now! Watching spanish tv with my Gparents	0
I'm so glad I got to sleep in  Prom was incredible! 	4
I wish today was bagel day 	0
had a lovely birthday.  http://plurk.com/p/xedq0	4
@jmaxxz sssshhhhh....I run both at work 	4
@kerstyn_smith Aw. Love that song. 	4
@radna  is jesus christ also tweeting I wonder?	4
@carloslamona I do too and I miss that. Phone date this week 	4
I could seriously go back to sleep  working 3-11 tonight w/ mitch...but toni won't be there...it's not the same, but i hope it's fun! ilu!	0
@nickasaur hey nick  how are youu? x	4
haven't been on all day  went to bed late last night!	0
@jaimeeashley i demand a picture of the red hair please and thankyou 	4
still with my mother, i wanna go homee 	0
@chrisaffair haha, I AM! but beware, its addicting 	4
@rockinrose theres no such thing as chicargin 	4
Why do peep toe shoes hurt so bad 	0
@JamesDeen you mean she didn't get you chocolate ice cream, or like...chocolate chip? solves the ice cream &amp; chocolate need 	4
@LucasGo Haha. I will! o.O Hows you?  Long time no @ reply.	4
#musicmonday King Blues My Bolder 	4
I have plans for today and friday wiff val n charweee 	4
Just got off the  â  Misery loves company..... Haha	4
missing my mom 	0
@timdifford cheers, I spotted that - couldn't find it on the App Store though 	0
@foprof LOL.  Leave a kid on internet and the kid will do stupid things.	4
Everyone follow @JKitsJena because this twitter is fawked, pleeeeease and thank you 	4
@TeachJoanne you deserve it.. enjoy.  the fact that you didn't break a nail gives you some superhero status, btw. *smooch*	4
I want to post lol cats on here but I can't 	0
@gwyn007 @waz7710    no no really its ok! u try em out and then u can see which works and doesnt  by that time its to late	4
gotta go check/console/convince 2 yo to stay in bed and that he actually WANTS to go to sleep... 20 min nap in car= past his sleep... 	0
@Itxi_Itx @th3maw  This is a great conversation.  What else might you do with your sheets during the act of love?  eh?  eh?  	4
Finally at homeeeeeeeeeeeeeeeeeee 	4
didn't dare to go in my own room for like 15 minutes just because a freaky lizard was on the blinds. GAHH!! WIMP!!! 	0
Cubs game today! My first ever 	4
There was a steady stream at my polling station mostly old folks surely they wouldn't vote for the fascists ... Are people that stupid? 	0
most def   hey mr.jackson !	0
@ItsNeet 100%.. its like getting an A for all your classes.. 	4
@misshelen20 now I seem to have no pic at all 	0
sad that it's not my birthday anymore and that my balloon is deflating 	0
@veronicasmusic Yessss UK soon! I have been waiting for years! Come to Scotland 	4
@alexandramusic Diversity won! damnn i wanted flawless to win 	0
Off to bed.  Goodnight 	4
@vampirefreak101 Hey thanks a lot for you coverage in Motepulciano,  congrats girl!!!!  You make me so happy!!! 	4
yessss @Jonasbrothers have done a video for Fly With Me 	4
But I will follow 	4
@AlanCarr lookin forward to chattyman. the book was well  funny!   x	4
@girl_alex ....  Hope you're okay?	0
I had Wendy's before this. That was a bad choice   http://twitpic.com/6vlkp	0
I am sooo tired!! My eyes literally can't stay open 	0
@hotlantabuzz â¢ *blushing* Me too, me too!!!  Hahahaha	4
just played uno and im tired but I dont wanna go to bed 	0
is wishing you a lovely evening 	4
@BevClement I don't think we talk much about Banks these days - not quite as respected as they once were 	4
@davewhittle and by the look of the fog... you won't be coming any time soon! 	0
i feel bad for my brother... he graduated high school yesterday, but both my parents are here in egypt with me. he was all alone 	0
auchh, drop by 1  (23)sulumitsretsambew-id.com	0
@yunglarry LARRYYYYYY YOU NEVER RESPOND    HAHAHAHAHAHAHAHA	0
@Debbiebarnhill I'm such a plantaholic.... I spent several thousand $s the last few years planting at my brothers lake cabin - he sold it 	0
@michiev why, thank you!  	4
Tra la la la la!  might make a video later  see if i can be bothered 	4
@Lumiel Aren't you sweet? 	4
today was just SPLENDID!!! 	4
i wanna go to the manchester apollo! 	4
After seeing mr. benningfield tonight it really made me start to miss my vand family like hXc  i love you band geeks! &lt;3	0
Mornin every1! Hope all is well I'm your worlds. I'm not sure why I'm at work at 7:45 this mornin, but I guess Its not all bad 	4
Lions lost against South Africa 2day...  but we gave them a good match next time we will win ! xxx	0
@SomeWriter Hey, great minds think alike! 	4
@brandonwalowitz Aww... I hope you change your mind about Twitter. If you ever do, I'll be here reading. 	4
Wondering if I should take K to the release of Transformers 2 tomorrow. I hate crowds 	0
@SamanthaOfUM lol that would tiiiiight but idk about money situation! 	0
@StewartWade ditto!! Goodnight &amp; rest well!! Go play the lottery! I bought a ticket when I was n FL last week but no luck! 	0
home from a long day of work. i wore heels from 11am to 7pm. i must be crazy!! came right home to soak the feets. lol who wana rub em? 	4
@kindstrangers GRACE! we better go see patrick wolf next year. im still super sad we missed the concert. 	0
Going to miss Pastor's sermon on Faith... 	0
i'm feeling quite sleepy today, wish i could stay in bed today...but OK! is my LAST YEAR, so let's go to school 	4
@CatholicChicks hate bein on the phone that long 	0
http://twitpic.com/4eg0i - Before his hair cut. I just wanna kiss that little face all day long 	4
I am ill  And that when it's such good weather! Oh my english is so bad 	0
@sherwinsteel and I still didn't get anything 	0
It feel so good when doing something you like is working  (and making money)	4
mark cubans doin handsprings right now- the &quot;punks and thugs&quot; are sinking.. but he's not looking forward to paying dirk's child support. 	0
@whataboutadam My sis didnt get hers either 	0
Dang it....BRB....have to get the cake, candles and ice cream out and sing happy birthday to my niece. Sweet 16 	4
@Young_SoulBlade hey, wassup? 	4
I'm trying to show @chrispirillo how awesome Woopra is! Help me by going to http://www.geekbrief.tv right now! Thanks!! 	4
friday night and no 1 to go party wit im a loner in my own country 	0
@snikkins How dare you get some before I have a chance to. You're no longer my friend 	0
Morning to all! Hope its a nicer day where you are compaired to here. It's going to rain all day and the next 2 days. 	0
Thank you everyone. I seriously am I lucky guy to have such great and lovely friends. Let's keep in touch  chuckishere.com at #LAX	4
@backstreetboys Happy b-day Backstreeets!!!!Hope you go for many many moree!!Thank you for ur amazing music 	4
&quot;God only gives us 1 life - don't waste it on a loser.&quot;  	4
Ah. The perfect summer day was ruined by the rain. Too good to be true.  but its still hot as hell. I feel sticky and gross. Long day. Ha	0
THIS IS ORIGINAL FROM YOURS TRULY...  &quot;If you want to become wealthy, learn the things most ppl say they don't have time for&quot; -ME	4
@MandyyJirouxx morning already 	0
http://twitpic.com/8cwzd - the swimming pool of our hotel... that makes me dream of summer... in Vienna we have so far no summer 	0
@innocent_eyez26 OMG :o ahahaa. oh well, thats common there  hihii	4
im so sorry you guys! i've been shooting on the lake all week and my phone had a tragic accident! it went to the bottom of Havasu 	0
@thekhris you're probably not but you're only one I know that dances in there undies on twitter LOL 	4
 can some one pleease tell me how to work out the total surface area of a square pyramid? 	0
@Jason25329 Sorry to hear that  but hey, you're eating well at least!	0
@IndyAmanda Sounds possible  It even looks so confusing u dont wanna try! I have to use it at school and I always mess up everything	4
feeling a little crafty. 	4
@TVdotcomAU Don't forget to watch @newinventors too! 	4
i made 29 updates today, my record xD talk to you tomorrow bye 	4
wow i never thought i would have 30 followers. thanks! 	4
@BrokenStruggle to much waffle &amp; not enough drinking going on. he's a less annoying version of numpty! &amp; he's not you which makes me 	0
@PerfectEnigma . . . from the frig. . .but im sure i could have just went and told you that in person.   lol	4
&quot;You're so indecisive. Or decisive. I can't decide.&quot; 	4
@imPLastic 	4
More rain due, ugh, going to a graduation today and was hoping the kids could go swimming 	0
hope you feel better mommy  I love you :X	0
It's brain-fried deadline time.  Dazed, unfocused, a bit of an out-of-body experience.  21 years ago, I would have paid to feel this way. 	4
@RocDoogie I am, I'll admit...  maybe I'll feel better tomorrow, yo! Down 4 studio time??	0
fed up with Windows, so Ubuntu Netbook Remix Edition is now on Kaylee 	4
Sick daddy  send prayer his way	0
aww, man...oh, well - had to work friday anyway 	0
morning twitterland...off to work i go 	0
@Mitchley Oh noooes! Cos of lodging with family I try to avoid getting one after 10pm... prob just as well 	4
@jarich The latter 	0
siting on my TI lessons and finishing my movie.  peace kids, bless ya ^^	4
@Shadows1990 Oh dear  should go out when your better 	0
@kareemdmapantz maybe tomorrow. hahaha i miss youuuu! you have a cam?! ohhh yer laptop! 	4
Awww it all worked out in the end 	4
Foiled again! Being dragged out by parents at a moments notice. I want to draw! 	0
Trying to get on facebook!!! 	0
I adore the mornings when I bawl for hours because I feel so hideous.  Say one effing thing about inner beauty and I'm unfollowing you.	0
@annieomnious    can it be fixed?  can we make a new simple one mayb?	0
@shezzitta thanks for the links to back to life - looking into it right now 	4
@Edwardo01 awwww what a shame... cant get that picture to work 	0
@Wolfie75 Welcomes home  Glad you had a fabbo time!	4
@mattfincham OH NO! not Tony  me sad now...	0
Eating dinner with Tubby. He doesn't want any cow's tongue 	0
ewww if i work at fazoli's i have to year a viser...and ugly shoes...and a pony tail...and no nail polish 	0
sunny morning 	4
@StarJonesEsq On a good note, we DID meet at Marty Richards RED BALL a few years ago, you were so sweet to me I'll never forget it 	4
@kyuhyunnie Less games?  Aww...That must be hard for you...	0
Off to class! 	0
@KellyOlexa it is like boxers under pants....It is to be FREE or not to BE FREE!!!! 	4
@integratedmom R family enjoyed the travel ovr thr, FlagStaff AZ, &amp; the 2 wonders of the world!  They say many r moving thr from CA.	4
@Bowl_the_Bunny lol love how we put some in stars: *some* haha...*crosses fingers* i hope you get more 	4
Playin around online  Colds definately do suck !!! Annoyed and about to get up n make lunch	0
@tommcfly  Tom, I guess you aren't photogenic, because you live is beautiful, perfect. you surprised me 	4
CAN YOU SAY AFTER 30 HOURS OF TRAVELING IM FINALLY IN ARGENTINA?! yes! oh hello Buenos Aires, how i love you 	4
Sorry, that last was for @popculturezoo Doctor who geek speak 	4
*sigh* more boring history to do 	0
@BecM49 i am, thanks (: i'll put you in mine 	4
If anyone wanted to attend TEDMED but can't make the date, I'll happily take your place, and will live-blog it for you too 	4
@MupNorth better than this place...ew   i just need to ask about the area..i really don't know london...oh also if they allow pets!!! ;)	0
@MANDY_EMMERSON I know you do, Go TEAM GB 	4
Ok, apparently BOTH broadcast sites are killing my machine today, so broadcast called off. Sorry. 	0
I wish I had the Sims 3 	0
@betsymaebartlet hurts even more when it's one of your best friends 	0
Just got pulled over on 36. I am fucking terrified of cops. My headlights out I guess  mew.	0
@romaiel Not a good time for a relationship.  Maybe a good time for a few flings though. He's young. She's young. They've got years.	4
@d33pak ya...but m missing my &quot;beeryani&quot; on the weekends 	0
taking a bath..and then go to the chruch!! 	4
Oh no, was meant to go to the post office before it closed  hope they don't return my package	0
@PinkBerryGirl yes very true! the food was awesome  got my jumbo onion rings check my twitpic for a pic of them, lol &amp; philly cheesesteak!	4
Trying to learn some &quot;PHOTOGRAPHY&quot; 	4
@mosesma You strike again with your article on twiter !   http://bit.ly/Ob9HA	4
History exam today and dreading it 	0
#iranelection The &quot;yellow Press&quot; is alive and well in the 21st century, how quickly we forget the USS Maine 	0
@Dj_Phat awwwwwwwwww, that's how ur doin me now?? lol makin fun of my spelling??  i'ma beat u up when i see u! lol	0
He'd go anywhere with me 	4
We can has OS 3 update?.......no we hasn't.   (shakes head and mopes away)	0
Home and off for hopefully, a sunny weekend 	4
Still cant get Jonas Bros tickets..dreading facing my niece later on ( I can see the tantrum now). Hope they put on another gig in Dublin 	0
@darker_artic yeah...maybe one day it will pay off.  have a nice day	4
wtf happened 2 the sun?? its all alex's fault (quote &quot;Wot wud u do if it started pissin it down?&quot;) rain sucks 	0
I think a homeless person took a bath in my mouth while I was sleeping 	0
@Chinkerfly they never said anything interesting and i always had to wade through dozens of their tweets to get to people i cared about 	4
I'm home. . . . . 	4
God damn why does my knee hurt? 	0
@juzgalvez Hahaha! Don't be scared. They need fresh minds and you're it. 	4
Is going home late today after tiring loooooong day of work..... 	0
@LisaAnneWest i missed it  have to catch up on sunday ohh ye so  fancy ldn on sunday? xoxo	0
must get my butt out to see more shows/concerts. Last one I've been to was Spice Girls 	0
God I wish I was still in America 	0
my tv always freezes while i'm watching inbetweeners 	0
I just finished following some people. Gah, I'm so tired. Goodnight Tweetpeople. 	4
@BATYASMUSIC Don't really have a reason.. haha sounds stupid. I'll be 14 	4
I miss Ashley so much right now 	0
thanks for your support @stevebeasant 	4
I wish there was a forest trail right outside my house where I could walk, hike, bike, and explore! Buuuut I don't. 	0
rode the edge of the storm home, some hail, but as soon as I got through the door, the skys have opened, off to walk the dog in a storm 	4
@Castiel_ yeah. totally. 	0
Still at work  This entire week has felt like an extremely long and awful Monday!	0
omg. I haven't been on here in ages  Well, I'm starting to come back slowly but surely. ;3	0
@writinginrain lol, i have too many favorites. thanks tho. 	4
@frandrescher Apparently you dont have time for ur fans!!!!!!!!!! 	0
@lolitztoeknee Awww, I'm sorry 	0
Together with michael. We just decided to cook some breakfast together. 	4
New tegan &amp; sara video, ROFL! Genius  How is everyone this...not so fine saturday?	4
where's all the rain we were supposed to have today? not complaining tho, it's lovely &amp; bright. very happy making 	4
shout to the homie @stepheezy for the #ff love. even though she's too cool to follow me 	0
kick  butt, Chuck has been renewed for a third season.  Sucks only 13 episodes though.    http://tr.im/lF45	0
blÃ¤Ã¤ i have a headache 	0
time for a tanning session outside, then shower, then PROM! so excited 	4
@DENISE_RICHARDS you looked beautiful!! 	4
MMMMM.... i-ceam woo finished the preface of twific production 	4
@JD_Faery battery pushing will be a global phenomenon by 2012 trust me 	4
Mother's Day is a traditionally time for BBQ here ... unfortunately I don't like BBQ at all  ... but I am also not a mother ;-) ;-)	0
hung with the boy. tomorrowwwwwwwww;; seeing Up with emma and Bribear!  i'm so excited.	4
@keza34 @pob34 dont worry  @Dojie likes me really 	4
uhhggghhhh....sick is not my idea of summer fun 	0
@kpsomotragos I have it on good authority that we'll be getting it around 3am. 	0
@bing siteowner custom search box fail... &quot;market&quot;:&quot;en-AU&quot; does nothing - it still targets US search   should be &quot;only from australia&quot;??	0
packing up my room... 	0
They are gone .. 	0
@Em_Love yes, and FOH played at my friends school  how unfair?	0
is rockin' a minivan til the STi is ready. I miss it already 	0
@fromtheold is that like the sequel to Mathematica?  I like a lot of what that guy does.  Seems to be a bona fide genius 	4
@SenseiRAM We missed you 	4
Ahhh...I finally don't have to keep 5 guys happy...I get waited on tonite 	4
Phew! Done rewriting the 1st bit of my results to order. Reread comments from bosses to ensure I'd incorporated them. Had. But sad now. 	0
http://twitpic.com/5dd11 - @DavidT2006 here's a shot of me baps, they don't taste as nice as I thought they would 	0
@Stella_Holman no, orkut? 	4
@JasonSco good morning jason! yeah, ME TOO! i went to bed @ 1AM and get up @ 6AM. i'm very tired too  still have a long day ahead tho lol	0
eating cha with eric 	4
Slightly better version. Posted the wrong one earlier. Sky is still blown out, sadly  Love the shot tho http://yfrog.com/7grxqj	0
@wizely lol, calm down.  i got a 30day loan offer for only 1500% 	4
@xnattsx not top bad thanks  and you?	4
@KalebNation my name is Ashley 	4
tired  and beleives early mornings should be illegal!	0
just back from SuperCheap - a most successful trip. The bikes are tanked &amp; checked for the week, so all ready to start relaxing 	4
i didnt read cuz i felt to yucky so i had a yogut and that just made made me feel more yucky..damn teeth  and now i dont know what to eat	0
doesn't know what to do with himself today... but might get some blonde put in his hair for summer 	4
JUST ME AND THESE FOUR WALLS AGAIN la la la la la..................... screams! i dont like thunder! 	0
i just cried a lot  im so over that all , and i cant hear it anymore...	0
Awesome pumpkin! Your famous 	4
Doing my hair with my icky thumb was a challenge. Accidentally banged it and it's started bleeding again 	0
@mike_rhodes r u romeo from somewhere? 	4
@Konstantine I said &quot;scar,&quot; sweetie. 	4
@laurie_pringle I mention it in the blog post. It's in Vancouver. 	4
@dougiedaydream well yes but with a trilby, red wayfarers and a vintage casio watch in tow. i thought i looked good. 	0
omg, telkomsel BIS is down again! again!!!  thinking of changing provider 	0
@demib hopefully they are just followers rather than stalkers 	4
http://mobypicture.com/?yxykxt - I knew it from the start. It's a two year old t-shirt by now. Always makes me pleased to see though. 	4
I know I've said this a million times before but...I really wish I wasn't allergic to hair dye 	0
were the ones who made you  x	4
oh no, i need new work shoes...i broke this one! 	0
And the motivation came!  yay! Not finished yet, but well on my way!  Gonna go finish it. xx	4
&quot;Thank You [Lord] for reminding me to see myself the way You see me!&quot; 	4
Oven has been on since 3:15... that's almost 3 hours!  3 loaves (1 cinnamon bread) &amp; 2.5 batches of rolls are baked. scones, not made yet 	0
stuck at home in Temecula for the night  someone come save me pleaseeeeee!	0
@BearTwinsMom thanks sweetie! 	4
